Checklist,Type,Index,Description,Reg Key,Reg Item,Audit Policy Subcategory,Right type,Value Data,actrual_value,result
1,REGISTRY_SETTING,0,Windows 10 is installed,HKLM\Software\Microsoft\Windows Nt\Currentversion,ProductName,,,Windows 10 Enterprise,Windows Server 2019 Datacenter,Fail
1,REGISTRY_SETTING,1.1.6,Ensure 'Relax minimum password length limits' is set to 'Enabled',HKLM\System\CurrentControlSet\Control\SAM,RelaxMinimumPasswordLengthLimits,,,1,Value Not found,Fail
1,REGISTRY_SETTING,2.3.1.1,Ensure 'Accounts: Block Microsoft accounts' is set to 'Users can't add or log on with Microsoft accounts',HKLM\Software\Microsoft\Windows\CurrentVersion\Policies\System,NoConnectedUser,,,3,Value Not found,Fail
1,REGISTRY_SETTING,2.3.1.3,Ensure 'Accounts: Limit local account use of blank passwords to console logon only' is set to 'Enabled',HKLM\System\CurrentControlSet\Control\Lsa,LimitBlankPasswordUse,,,1,1,Pass
1,REGISTRY_SETTING,2.3.2.1,Ensure 'Audit: Force audit policy subcategory settings (Windows Vista or later) to override audit policy category settings' is set to 'Enabled',HKLM\System\CurrentControlSet\Control\Lsa,SCENoApplyLegacyAuditPolicy,,,1,Value Not found,Fail
1,REGISTRY_SETTING,2.3.2.2,Ensure 'Audit: Shut down system immediately if unable to log security audits' is set to 'Disabled',HKLM\System\CurrentControlSet\Control\Lsa,CrashOnAuditFail,,,0,0,Pass
1,REGISTRY_SETTING,2.3.4.1,Ensure 'Devices: Allowed to format and eject removable media' is set to 'Administrators and Interactive Users',HKLM\Software\Microsoft\Windows NT\CurrentVersion\Winlogon,AllocateDASD,,,2,Value Not found,Fail
1,REGISTRY_SETTING,2.3.6.1,Ensure 'Domain member: Digitally encrypt or sign secure channel data (always)' is set to 'Enabled',HKLM\System\CurrentControlSet\Services\Netlogon\Parameters,RequireSignOrSeal,,,1,1,Pass
1,REGISTRY_SETTING,2.3.6.2,Ensure 'Domain member: Digitally encrypt secure channel data (when possible)' is set to 'Enabled',HKLM\System\CurrentControlSet\Services\Netlogon\Parameters,SealSecureChannel,,,1,1,Pass
1,REGISTRY_SETTING,2.3.6.3,Ensure 'Domain member: Digitally sign secure channel data (when possible)' is set to 'Enabled',HKLM\System\CurrentControlSet\Services\Netlogon\Parameters,SignSecureChannel,,,1,1,Pass
1,REGISTRY_SETTING,2.3.6.4,Ensure 'Domain member: Disable machine account password changes' is set to 'Disabled',HKLM\System\CurrentControlSet\Services\Netlogon\Parameters,DisablePasswordChange,,,0,0,Pass
1,REGISTRY_SETTING,2.3.6.5,"Ensure 'Domain member: Maximum machine account password age' is set to '30 or fewer days, but not 0'",HKLM\System\CurrentControlSet\Services\Netlogon\Parameters,MaximumPasswordAge,,,[1..30],30,Pass
1,REGISTRY_SETTING,2.3.6.6,Ensure 'Domain member: Require strong (Windows 2000 or later) session key' is set to 'Enabled',HKLM\System\CurrentControlSet\Services\Netlogon\Parameters,RequireStrongKey,,,1,1,Pass
1,REGISTRY_SETTING,2.3.7.1,Ensure 'Interactive logon: Do not require CTRL+ALT+DEL' is set to 'Disabled',HKLM\Software\Microsoft\Windows\CurrentVersion\Policies\System,DisableCAD,,,0,0,Pass
1,REGISTRY_SETTING,2.3.7.2,Ensure 'Interactive logon: Don't display last signed-in' is set to 'Enabled',HKLM\Software\Microsoft\Windows\CurrentVersion\Policies\System,DontDisplayLastUserName,,,1,0,Fail
1,REGISTRY_SETTING,2.3.7.4,"Ensure 'Interactive logon: Machine inactivity limit' is set to '900 or fewer second(s), but not 0'",HKLM\Software\Microsoft\Windows\CurrentVersion\Policies\System,InactivityTimeoutSecs,,,[0..900],Value Not found,Fail
1,REGISTRY_SETTING,2.3.7.8,Ensure 'Interactive logon: Prompt user to change password before expiration' is set to 'between 5 and 14 days',HKLM\Software\Microsoft\Windows NT\CurrentVersion\Winlogon,PasswordExpiryWarning,,,[5..14],5,Pass
1,REGISTRY_SETTING,2.3.7.9,Ensure 'Interactive logon: Smart card removal behavior' is set to 'Lock Workstation' or higher,HKLM\Software\Microsoft\Windows NT\CurrentVersion\Winlogon,ScRemoveOption,,,1 || 2|| 3,0,Fail
1,REGISTRY_SETTING,2.3.8.1,Ensure 'Microsoft network client: Digitally sign communications (always)' is set to 'Enabled',HKLM\System\CurrentControlSet\Services\LanmanWorkstation\Parameters,RequireSecuritySignature,,,1,0,Fail
1,REGISTRY_SETTING,2.3.8.2,Ensure 'Microsoft network client: Digitally sign communications (if server agrees)' is set to 'Enabled',HKLM\System\CurrentControlSet\Services\LanmanWorkstation\Parameters,EnableSecuritySignature,,,1,1,Pass
1,REGISTRY_SETTING,2.3.8.3,Ensure 'Microsoft network client: Send unencrypted password to third-party SMB servers' is set to 'Disabled',HKLM\System\CurrentControlSet\Services\LanmanWorkstation\Parameters,EnablePlainTextPassword,,,0,0,Pass
1,REGISTRY_SETTING,2.3.9.1,Ensure 'Microsoft network server: Amount of idle time required before suspending session' is set to '15 or fewer minute(s)',HKLM\System\CurrentControlSet\Services\LanManServer\Parameters,AutoDisconnect,,,[1..15],15,Pass
1,REGISTRY_SETTING,2.3.9.2,Ensure 'Microsoft network server: Digitally sign communications (always)' is set to 'Enabled',HKLM\System\CurrentControlSet\Services\LanManServer\Parameters,RequireSecuritySignature,,,1,0,Fail
1,REGISTRY_SETTING,2.3.9.3,Ensure 'Microsoft network server: Digitally sign communications (if client agrees)' is set to 'Enabled',HKLM\System\CurrentControlSet\Services\LanManServer\Parameters,EnableSecuritySignature,,,1,0,Fail
1,REGISTRY_SETTING,2.3.9.4,Ensure 'Microsoft network server: Disconnect clients when logon hours expire' is set to 'Enabled',HKLM\System\CurrentControlSet\Services\LanManServer\Parameters,enableforcedlogoff,,,1,1,Pass
1,REGISTRY_SETTING,2.3.9.5,Ensure 'Microsoft network server: Server SPN target name validation level' is set to 'Accept if provided by client' or higher,HKLM\System\CurrentControlSet\Services\LanManServer\Parameters,SMBServerNameHardeningLevel,,,1 || 2,Value Not found,Fail
1,REGISTRY_SETTING,2.3.10.2,Ensure 'Network access: Do not allow anonymous enumeration of SAM accounts' is set to 'Enabled',HKLM\System\CurrentControlSet\Control\Lsa,RestrictAnonymousSAM,,,1,1,Pass
1,REGISTRY_SETTING,2.3.10.3,Ensure 'Network access: Do not allow anonymous enumeration of SAM accounts and shares' is set to 'Enabled',HKLM\System\CurrentControlSet\Control\Lsa,RestrictAnonymous,,,1,0,Fail
1,REGISTRY_SETTING,2.3.10.4,Ensure 'Network access: Do not allow storage of passwords and credentials for network authentication' is set to 'Enabled',HKLM\System\CurrentControlSet\Control\Lsa,DisableDomainCreds,,,1,0,Fail
1,REGISTRY_SETTING,2.3.10.5,Ensure 'Network access: Let Everyone permissions apply to anonymous users' is set to 'Disabled',HKLM\System\CurrentControlSet\Control\Lsa,EveryoneIncludesAnonymous,,,0,0,Pass
1,REGISTRY_SETTING,2.3.10.6,Ensure 'Network access: Named Pipes that can be accessed anonymously' is set to 'None',HKLM\SYSTEM\CurrentControlSet\Services\LanManServer\Parameters,NullSessionPipes,,,,Value Not found,Fail
1,REGISTRY_SETTING,2.3.10.7,Ensure 'Network access: Remotely accessible registry paths' is configured,HKLM\System\CurrentControlSet\Control\SecurePipeServers\Winreg\AllowedExactPaths,Machine,,,System\CurrentControlSet\Control\ProductOptions && System\CurrentControlSet\Control\Server Applications && Software\Microsoft\Windows NT\CurrentVersion,"System\CurrentControlSet\Control\ProductOptions
System\CurrentControlSet\Control\Server Applications
Software\Microsoft\Windows NT\CurrentVersion",Fail
1,REGISTRY_SETTING,2.3.10.8,Ensure 'Network access: Remotely accessible registry paths and sub-paths' is configured,HKLM\System\CurrentControlSet\Control\SecurePipeServers\Winreg\AllowedPaths,Machine,,,System\CurrentControlSet\Control\Print\Printers && System\CurrentControlSet\Services\Eventlog && Software\Microsoft\OLAP Server && Software\Microsoft\Windows NT\CurrentVersion\Print && Software\Microsoft\Windows NT\CurrentVersion\Windows && System\CurrentControlSet\Control\ContentIndex && System\CurrentControlSet\Control\Terminal Server && System\CurrentControlSet\Control\Terminal Server\UserConfig && System\CurrentControlSet\Control\Terminal Server\DefaultUserConfiguration && Software\Microsoft\Windows NT\CurrentVersion\Perflib && System\CurrentControlSet\Services\Sysmonlog,"System\CurrentControlSet\Control\Print\Printers
System\CurrentControlSet\Services\Eventlog
Software\Microsoft\OLAP Server
Software\Microsoft\Windows NT\CurrentVersion\Print
Software\Microsoft\Windows NT\CurrentVersion\Windows
System\CurrentControlSet\Control\ContentIndex
System\CurrentControlSet\Control\Terminal Server
System\CurrentControlSet\Control\Terminal Server\UserConfig
System\CurrentControlSet\Control\Terminal Server\DefaultUserConfiguration
Software\Microsoft\Windows NT\CurrentVersion\Perflib
System\CurrentControlSet\Services\SysmonLog",Fail
1,REGISTRY_SETTING,2.3.10.9,Ensure 'Network access: Restrict anonymous access to Named Pipes and Shares' is set to 'Enabled',HKLM\System\CurrentControlSet\Services\LanManServer\Parameters,RestrictNullSessAccess,,,1,1,Pass
1,REGISTRY_SETTING,2.3.10.10,Ensure 'Network access: Restrict clients allowed to make remote calls to SAM' is set to 'Administrators: Remote Access: Allow',HKLM\SYSTEM\CurrentControlSet\Control\Lsa,restrictremotesam,,,O:BAG:BAD:(A;;RC;;;BA),Value Not found,Fail
1,REGISTRY_SETTING,2.3.10.11,Ensure 'Network access: Shares that can be accessed anonymously' is set to 'None',HKLM\System\CurrentControlSet\Services\LanManServer\Parameters,NullSessionShares,,,Value Not found,Value Not found,Pass
1,REGISTRY_SETTING,2.3.10.12,Ensure 'Network access: Sharing and security model for local accounts' is set to 'Classic - local users authenticate as themselves',HKLM\System\CurrentControlSet\Control\Lsa,ForceGuest,,,0,0,Pass
1,REGISTRY_SETTING,2.3.11.1,Ensure 'Network security: Allow Local System to use computer identity for NTLM' is set to 'Enabled',HKLM\System\CurrentControlSet\Control\Lsa,UseMachineId,,,1,Value Not found,Fail
1,REGISTRY_SETTING,2.3.11.2,Ensure 'Network security: Allow LocalSystem NULL session fallback' is set to 'Disabled',HKLM\System\CurrentControlSet\Control\Lsa\MSV1_0,AllowNullSessionFallback,,,0,Value Not found,Fail
1,REGISTRY_SETTING,2.3.11.3,Ensure 'Network Security: Allow PKU2U authentication requests to this computer to use online identities' is set to 'Disabled',HKLM\System\CurrentControlSet\Control\Lsa\pku2u,AllowOnlineID,,,0,Value Not found,Fail
1,REGISTRY_SETTING,2.3.11.4,"Ensure 'Network security: Configure encryption types allowed for Kerberos' is set to 'AES128_HMAC_SHA1, AES256_HMAC_SHA1, Future encryption types'",HKLM\Software\Microsoft\Windows\CurrentVersion\Policies\System\Kerberos\Parameters,SupportedEncryptionTypes,,,2147483640,Value Not found,Fail
1,REGISTRY_SETTING,2.3.11.5,Ensure 'Network security: Do not store LAN Manager hash value on next password change' is set to 'Enabled',HKLM\System\CurrentControlSet\Control\Lsa,NoLMHash,,,1,1,Pass
1,REGISTRY_SETTING,2.3.11.7,Ensure 'Network security: LAN Manager authentication level' is set to 'Send NTLMv2 response only. Refuse LM &amp; NTLM',HKLM\System\CurrentControlSet\Control\Lsa,LMCompatibilityLevel,,,5,Value Not found,Fail
1,REGISTRY_SETTING,2.3.11.8,Ensure 'Network security: LDAP client signing requirements' is set to 'Negotiate signing' or higher,HKLM\System\CurrentControlSet\Services\LDAP,LDAPClientIntegrity,,,1,1,Pass
1,REGISTRY_SETTING,2.3.11.9,"Ensure 'Network security: Minimum session security for NTLM SSP based (including secure RPC) clients' is set to 'Require NTLMv2 session security, Require 128-bit encryption'",HKLM\System\CurrentControlSet\Control\Lsa\MSV1_0,NTLMMinClientSec,,,537395200,536870912,Fail
1,REGISTRY_SETTING,2.3.11.10,"Ensure 'Network security: Minimum session security for NTLM SSP based (including secure RPC) servers' is set to 'Require NTLMv2 session security, Require 128-bit encryption'",HKLM\System\CurrentControlSet\Control\Lsa\MSV1_0,NTLMMinServerSec,,,537395200,536870912,Fail
1,REGISTRY_SETTING,2.3.15.1,Ensure 'System objects: Require case insensitivity for non-Windows subsystems' is set to 'Enabled',HKLM\System\CurrentControlSet\Control\Session Manager\Kernel,ObCaseInsensitive,,,1,1,Pass
1,REGISTRY_SETTING,2.3.15.2,Ensure 'System objects: Strengthen default permissions of internal system objects (e.g. Symbolic Links)' is set to 'Enabled',HKLM\System\CurrentControlSet\Control\Session Manager,ProtectionMode,,,1,1,Pass
1,REGISTRY_SETTING,2.3.17.1,Ensure 'User Account Control: Admin Approval Mode for the Built-in Administrator account' is set to 'Enabled',HKLM\Software\Microsoft\Windows\CurrentVersion\Policies\System,FilterAdministratorToken,,,1,Value Not found,Fail
1,REGISTRY_SETTING,2.3.17.2,Ensure 'User Account Control: Behavior of the elevation prompt for administrators in Admin Approval Mode' is set to 'Prompt for consent on the secure desktop' or higher,HKLM\Software\Microsoft\Windows\CurrentVersion\Policies\System,ConsentPromptBehaviorAdmin,,,2,5,Fail
1,REGISTRY_SETTING,2.3.17.3,Ensure 'User Account Control: Behavior of the elevation prompt for standard users' is set to 'Automatically deny elevation requests',HKLM\Software\Microsoft\Windows\CurrentVersion\Policies\System,ConsentPromptBehaviorUser,,,0,3,Fail
1,REGISTRY_SETTING,2.3.17.4,Ensure 'User Account Control: Detect application installations and prompt for elevation' is set to 'Enabled',HKLM\Software\Microsoft\Windows\CurrentVersion\Policies\System,EnableInstallerDetection,,,1,1,Pass
1,REGISTRY_SETTING,2.3.17.5,Ensure 'User Account Control: Only elevate UIAccess applications that are installed in secure locations' is set to 'Enabled',HKLM\Software\Microsoft\Windows\CurrentVersion\Policies\System,EnableSecureUIAPaths,,,1,1,Pass
1,REGISTRY_SETTING,2.3.17.6,Ensure 'User Account Control: Run all administrators in Admin Approval Mode' is set to 'Enabled',HKLM\Software\Microsoft\Windows\CurrentVersion\Policies\System,EnableLUA,,,1,1,Pass
1,REGISTRY_SETTING,2.3.17.7,Ensure 'User Account Control: Switch to the secure desktop when prompting for elevation' is set to 'Enabled',HKLM\Software\Microsoft\Windows\CurrentVersion\Policies\System,PromptOnSecureDesktop,,,1,1,Pass
1,REGISTRY_SETTING,2.3.17.8,Ensure 'User Account Control: Virtualize file and registry write failures to per-user locations' is set to 'Enabled',HKLM\Software\Microsoft\Windows\CurrentVersion\Policies\System,EnableVirtualization,,,1,1,Pass
1,REGISTRY_SETTING,5.3,Ensure 'Computer Browser (Browser)' is set to 'Disabled' or 'Not Installed',HKLM\SYSTEM\CurrentControlSet\Services\Browser,Start,,,4,Value Not found,Fail
1,REGISTRY_SETTING,5.6,Ensure 'IIS Admin Service (IISADMIN)' is set to 'Disabled' or 'Not Installed',HKLM\SYSTEM\CurrentControlSet\Services\IISADMIN,Start,,,4,Value Not found,Fail
1,REGISTRY_SETTING,5.7,Ensure 'Infrared monitor service (irmon)' is set to 'Disabled' or 'Not Installed',HKLM\SYSTEM\CurrentControlSet\Services\irmon,Start,,,4,Value Not found,Fail
1,REGISTRY_SETTING,5.8,Ensure 'Internet Connection Sharing (ICS) (SharedAccess)' is set to 'Disabled',HKLM\SYSTEM\CurrentControlSet\Services\SharedAccess,Start,,,4,4,Pass
1,REGISTRY_SETTING,5.10,Ensure 'LxssManager (LxssManager)' is set to 'Disabled' or 'Not Installed',HKLM\SYSTEM\CurrentControlSet\Services\LxssManager,Start,,,4,Value Not found,Fail
1,REGISTRY_SETTING,5.11,Ensure 'Microsoft FTP Service (FTPSVC)' is set to 'Disabled' or 'Not Installed',HKLM\SYSTEM\CurrentControlSet\Services\FTPSVC,Start,,,4,Value Not found,Fail
1,REGISTRY_SETTING,5.13,Ensure 'OpenSSH SSH Server (sshd)' is set to 'Disabled' or 'Not Installed',HKLM\SYSTEM\CurrentControlSet\Services\sshd,Start,,,4,Value Not found,Fail
1,REGISTRY_SETTING,5.24,Ensure 'Remote Procedure Call (RPC) Locator (RpcLocator)' is set to 'Disabled',HKLM\SYSTEM\CurrentControlSet\Services\RpcLocator,Start,,,4,3,Fail
1,REGISTRY_SETTING,5.26,Ensure 'Routing and Remote Access (RemoteAccess)' is set to 'Disabled',HKLM\SYSTEM\CurrentControlSet\Services\RemoteAccess,Start,,,4,4,Pass
1,REGISTRY_SETTING,5.28,Ensure 'Simple TCP/IP Services (simptcp)' is set to 'Disabled' or 'Not Installed',HKLM\SYSTEM\CurrentControlSet\Services\simptcp,Start,,,4,Value Not found,Fail
1,REGISTRY_SETTING,5.30,Ensure 'Special Administration Console Helper (sacsvr)' is set to 'Disabled' or 'Not Installed',HKLM\SYSTEM\CurrentControlSet\Services\sacsvr,Start,,,4,3,Fail
1,REGISTRY_SETTING,5.31,Ensure 'SSDP Discovery (SSDPSRV)' is set to 'Disabled',HKLM\SYSTEM\CurrentControlSet\Services\SSDPSRV,Start,,,4,4,Pass
1,REGISTRY_SETTING,5.32,Ensure 'UPnP Device Host (upnphost)' is set to 'Disabled',HKLM\SYSTEM\CurrentControlSet\Services\upnphost,Start,,,4,4,Pass
1,REGISTRY_SETTING,5.33,Ensure 'Web Management Service (WMSvc)' is set to 'Disabled' or 'Not Installed',HKLM\SYSTEM\CurrentControlSet\Services\WMSvc,Start,,,4,Value Not found,Fail
1,REGISTRY_SETTING,5.36,Ensure 'Windows Media Player Network Sharing Service (WMPNetworkSvc)' is set to 'Disabled' or 'Not Installed',HKLM\SYSTEM\CurrentControlSet\Services\WMPNetworkSvc,Start,,,4,3,Fail
1,REGISTRY_SETTING,5.37,Ensure 'Windows Mobile Hotspot Service (icssvc)' is set to 'Disabled',HKLM\SYSTEM\CurrentControlSet\Services\icssvc,Start,,,4,4,Pass
1,REGISTRY_SETTING,5.41,Ensure 'World Wide Web Publishing Service (W3SVC)' is set to 'Disabled' or 'Not Installed',HKLM\SYSTEM\CurrentControlSet\Services\W3SVC,Start,,,4,Value Not found,Fail
1,REGISTRY_SETTING,5.42,Ensure 'Xbox Accessory Management Service (XboxGipSvc)' is set to 'Disabled',HKLM\SYSTEM\CurrentControlSet\Services\XboxGipSvc,Start,,,4,Value Not found,Fail
1,REGISTRY_SETTING,5.43,Ensure 'Xbox Live Auth Manager (XblAuthManager)' is set to 'Disabled',HKLM\SYSTEM\CurrentControlSet\Services\XblAuthManager,Start,,,4,Value Not found,Fail
1,REGISTRY_SETTING,5.44,Ensure 'Xbox Live Game Save (XblGameSave)' is set to 'Disabled',HKLM\SYSTEM\CurrentControlSet\Services\XblGameSave,Start,,,4,Value Not found,Fail
1,REGISTRY_SETTING,5.45,Ensure 'Xbox Live Networking Service (XboxNetApiSvc)' is set to 'Disabled',HKLM\SYSTEM\CurrentControlSet\Services\XboxNetApiSvc,Start,,,4,Value Not found,Fail
1,REGISTRY_SETTING,9.1.1,Ensure 'Windows Firewall: Domain: Firewall state' is set to 'On (recommended)',HKLM\Software\Policies\Microsoft\WindowsFirewall\DomainProfile,EnableFirewall,,,1,Value Not found,Fail
1,REGISTRY_SETTING,9.1.2,Ensure 'Windows Firewall: Domain: Inbound connections' is set to 'Block (default)',HKLM\Software\Policies\Microsoft\WindowsFirewall\DomainProfile,DefaultInboundAction,,,1,Value Not found,Fail
1,REGISTRY_SETTING,9.1.3,Ensure 'Windows Firewall: Domain: Outbound connections' is set to 'Allow (default)',HKLM\Software\Policies\Microsoft\Windowsfirewall\Domainprofile,DefaultOutboundAction,,,0,Value Not found,Fail
1,REGISTRY_SETTING,9.1.4,Ensure 'Windows Firewall: Domain: Settings: Display a notification' is set to 'No',HKLM\Software\Policies\Microsoft\WindowsFirewall\DomainProfile,DisableNotifications,,,1,Value Not found,Fail
1,REGISTRY_SETTING,9.1.5,Ensure 'Windows Firewall: Domain: Logging: Name' is set to '%SystemRoot%\System32\logfiles\firewall\domainfw.log',HKLM\Software\Policies\Microsoft\WindowsFirewall\DomainProfile\Logging,LogFilePath,,,%SYSTEMROOT%\System32\logfiles\firewall\domainfw.log,Value Not found,Fail
1,REGISTRY_SETTING,9.1.6,"Ensure 'Windows Firewall: Domain: Logging: Size limit (KB)' is set to '16,384 KB or greater'",HKLM\Software\Policies\Microsoft\WindowsFirewall\DomainProfile\Logging,LogFileSize,,,[16384..MAX],Value Not found,Fail
1,REGISTRY_SETTING,9.1.7,Ensure 'Windows Firewall: Domain: Logging: Log dropped packets' is set to 'Yes',HKLM\Software\Policies\Microsoft\WindowsFirewall\DomainProfile\Logging,LogDroppedPackets,,,1,Value Not found,Fail
1,REGISTRY_SETTING,9.1.8,Ensure 'Windows Firewall: Domain: Logging: Log successful connections' is set to 'Yes',HKLM\Software\Policies\Microsoft\WindowsFirewall\DomainProfile\Logging,LogSuccessfulConnections,,,1,Value Not found,Fail
1,REGISTRY_SETTING,9.2.1,Ensure 'Windows Firewall: Private: Firewall state' is set to 'On (recommended)',HKLM\Software\Policies\Microsoft\WindowsFirewall\PrivateProfile,EnableFirewall,,,1,Value Not found,Fail
1,REGISTRY_SETTING,9.2.2,Ensure 'Windows Firewall: Private: Inbound connections' is set to 'Block (default)',HKLM\Software\Policies\Microsoft\WindowsFirewall\PrivateProfile,DefaultInboundAction,,,1,Value Not found,Fail
1,REGISTRY_SETTING,9.2.3,Ensure 'Windows Firewall: Private: Outbound connections' is set to 'Allow (default)',HKLM\Software\Policies\Microsoft\WindowsFirewall\PrivateProfile,DefaultOutboundAction,,,0,Value Not found,Fail
1,REGISTRY_SETTING,9.2.4,Ensure 'Windows Firewall: Private: Settings: Display a notification' is set to 'No',HKLM\Software\Policies\Microsoft\WindowsFirewall\PrivateProfile,DisableNotifications,,,1,Value Not found,Fail
1,REGISTRY_SETTING,9.2.5,Ensure 'Windows Firewall: Private: Logging: Name' is set to '%SystemRoot%\System32\logfiles\firewall\privatefw.log',HKLM\Software\Policies\Microsoft\WindowsFirewall\PrivateProfile\Logging,LogFilePath,,,%SYSTEMROOT%\System32\logfiles\firewall\privatefw.log,Value Not found,Fail
1,REGISTRY_SETTING,9.2.6,"Ensure 'Windows Firewall: Private: Logging: Size limit (KB)' is set to '16,384 KB or greater'",HKLM\Software\Policies\Microsoft\WindowsFirewall\PrivateProfile\Logging,LogFileSize,,,[16384..MAX],Value Not found,Fail
1,REGISTRY_SETTING,9.2.7,Ensure 'Windows Firewall: Private: Logging: Log dropped packets' is set to 'Yes',HKLM\Software\Policies\Microsoft\WindowsFirewall\PrivateProfile\Logging,LogDroppedPackets,,,1,Value Not found,Fail
1,REGISTRY_SETTING,9.2.8,Ensure 'Windows Firewall: Private: Logging: Log successful connections' is set to 'Yes',HKLM\Software\Policies\Microsoft\WindowsFirewall\PrivateProfile\Logging,LogSuccessfulConnections,,,1,Value Not found,Fail
1,REGISTRY_SETTING,9.3.1,Ensure 'Windows Firewall: Public: Firewall state' is set to 'On (recommended)',HKLM\Software\Policies\Microsoft\WindowsFirewall\PublicProfile,EnableFirewall,,,1,Value Not found,Fail
1,REGISTRY_SETTING,9.3.2,Ensure 'Windows Firewall: Public: Inbound connections' is set to 'Block (default)',HKLM\Software\Policies\Microsoft\WindowsFirewall\PublicProfile,DefaultInboundAction,,,1,Value Not found,Fail
1,REGISTRY_SETTING,9.3.3,Ensure 'Windows Firewall: Public: Outbound connections' is set to 'Allow (default)',HKLM\Software\Policies\Microsoft\WindowsFirewall\PublicProfile,DefaultOutboundAction,,,0,Value Not found,Fail
1,REGISTRY_SETTING,9.3.4,Ensure 'Windows Firewall: Public: Settings: Display a notification' is set to 'No',HKLM\Software\Policies\Microsoft\WindowsFirewall\PublicProfile,DisableNotifications,,,1,Value Not found,Fail
1,REGISTRY_SETTING,9.3.5,Ensure 'Windows Firewall: Public: Settings: Apply local firewall rules' is set to 'No',HKLM\Software\Policies\Microsoft\WindowsFirewall\PublicProfile,AllowLocalPolicyMerge,,,0,Value Not found,Fail
1,REGISTRY_SETTING,9.3.6,Ensure 'Windows Firewall: Public: Settings: Apply local connection security rules' is set to 'No',HKLM\Software\Policies\Microsoft\WindowsFirewall\PublicProfile,AllowLocalIPsecPolicyMerge,,,0,Value Not found,Fail
1,REGISTRY_SETTING,9.3.7,Ensure 'Windows Firewall: Public: Logging: Name' is set to '%SystemRoot%\System32\logfiles\firewall\publicfw.log',HKLM\Software\Policies\Microsoft\WindowsFirewall\PublicProfile\Logging,LogFilePath,,,%SYSTEMROOT%\System32\logfiles\firewall\publicfw.log,Value Not found,Fail
1,REGISTRY_SETTING,9.3.8,"Ensure 'Windows Firewall: Public: Logging: Size limit (KB)' is set to '16,384 KB or greater'",HKLM\Software\Policies\Microsoft\WindowsFirewall\PublicProfile\Logging,LogFileSize,,,[16384..MAX],Value Not found,Fail
1,REGISTRY_SETTING,9.3.9,Ensure 'Windows Firewall: Public: Logging: Log dropped packets' is set to 'Yes',HKLM\Software\Policies\Microsoft\WindowsFirewall\PublicProfile\Logging,LogDroppedPackets,,,1,Value Not found,Fail
1,REGISTRY_SETTING,9.3.10,Ensure 'Windows Firewall: Public: Logging: Log successful connections' is set to 'Yes',HKLM\Software\Policies\Microsoft\WindowsFirewall\PublicProfile\Logging,LogSuccessfulConnections,,,1,Value Not found,Fail
1,REGISTRY_SETTING,18.1.1.1,Ensure 'Prevent enabling lock screen camera' is set to 'Enabled',HKLM\Software\Policies\Microsoft\Windows\Personalization,NoLockScreenCamera,,,1,Value Not found,Fail
1,REGISTRY_SETTING,18.1.1.2,Ensure 'Prevent enabling lock screen slide show' is set to 'Enabled',HKLM\Software\Policies\Microsoft\Windows\Personalization,NoLockScreenSlideshow,,,1,Value Not found,Fail
1,REGISTRY_SETTING,18.1.2.2,Ensure 'Allow users to enable online speech recognition services' is set to 'Disabled',HKLM\SOFTWARE\Policies\Microsoft\InputPersonalization,AllowInputPersonalization,,,0,Value Not found,Fail
1,REGISTRY_SETTING,18.3.1,Ensure LAPS AdmPwd GPO Extension / CSE is installed - DllName,HKLM\SOFTWARE\Microsoft\Windows NT\CurrentVersion\Winlogon\GPExtensions\{D76B9641-3288-4f75-942D-087DE603E3EA},DllName,,,C:\Program Files\LAPS\CSE\AdmPwd.dll,Value Not found,Fail
1,REGISTRY_SETTING,18.3.2,Ensure 'Do not allow password expiration time longer than required by policy' is set to 'Enabled',HKLM\SOFTWARE\Policies\Microsoft Services\AdmPwd,PwdExpirationProtectionEnabled,,,1,Value Not found,Fail
1,REGISTRY_SETTING,18.3.3,Ensure 'Enable Local Admin Password Management' is set to 'Enabled',HKLM\SOFTWARE\Policies\Microsoft Services\AdmPwd,AdmPwdEnabled,,,1,Value Not found,Fail
1,REGISTRY_SETTING,18.3.4,Ensure 'Password Settings: Password Complexity' is set to 'Enabled: Large letters + small letters + numbers + special characters',HKLM\SOFTWARE\Policies\Microsoft Services\AdmPwd,PasswordComplexity,,,4,Value Not found,Fail
1,REGISTRY_SETTING,18.3.5,Ensure 'Password Settings: Password Length' is set to 'Enabled: 15 or more',HKLM\SOFTWARE\Policies\Microsoft Services\AdmPwd,PasswordLength,,,[15..MAX],Value Not found,Fail
1,REGISTRY_SETTING,18.3.6,Ensure 'Password Settings: Password Age (Days)' is set to 'Enabled: 30 or fewer',HKLM\SOFTWARE\Policies\Microsoft Services\AdmPwd,PasswordAgeDays,,,[MIN..30],Value Not found,Fail
1,REGISTRY_SETTING,18.4.1,Ensure 'Apply UAC restrictions to local accounts on network logons' is set to 'Enabled',HKLM\SOFTWARE\Microsoft\Windows\CurrentVersion\Policies\System,LocalAccountTokenFilterPolicy,,,0,Value Not found,Fail
1,REGISTRY_SETTING,18.4.2,Ensure 'Configure RPC packet level privacy setting for incoming connections' is set to 'Enabled',HKLM\SYSTEM\CurrentControlSet\Control\Print,RpcAuthnLevelPrivacyEnabled,,,1,Value Not found,Fail
1,REGISTRY_SETTING,18.4.3,Ensure 'Configure SMB v1 client driver' is set to 'Enabled: Disable driver (recommended)',HKLM\SYSTEM\CurrentControlSet\Services\mrxsmb10,Start,,,4,Value Not found,Fail
1,REGISTRY_SETTING,18.4.4,Ensure 'Configure SMB v1 server' is set to 'Disabled',HKLM\SYSTEM\CurrentControlSet\Services\LanmanServer\Parameters,SMB1,,,0,Value Not found,Fail
1,REGISTRY_SETTING,18.4.5,Ensure 'Enable Structured Exception Handling Overwrite Protection (SEHOP)' is set to 'Enabled',HKLM\SYSTEM\CurrentControlSet\Control\Session Manager\kernel,DisableExceptionChainValidation,,,0,0,Pass
1,REGISTRY_SETTING,18.4.6,Ensure 'LSA Protection' is set to 'Enabled',HKLM\SYSTEM\CurrentControlSet\Control\Lsa,RunAsPPL,,,1,Value Not found,Fail
1,REGISTRY_SETTING,18.7.8,Ensure 'Limits print driver installation to Administrators' is set to 'Enabled',HKLM\Software\Policies\Microsoft\Windows NT\Printers\PointAndPrint,RestrictDriverInstallationToAdministrators,,,1,Value Not found,Fail
1,REGISTRY_SETTING,18.4.7,Ensure 'NetBT NodeType configuration' is set to 'Enabled: P-node (recommended)',HKLM\System\CurrentControlSet\Services\Netbt\Parameters,NodeType,,,2,Value Not found,Fail
1,REGISTRY_SETTING,18.4.8,Ensure 'WDigest Authentication' is set to 'Disabled',HKLM\SYSTEM\CurrentControlSet\Control\SecurityProviders\WDigest,UseLogonCredential,,,0,Value Not found,Fail
1,REGISTRY_SETTING,18.5.1,Ensure 'MSS: (AutoAdminLogon) Enable Automatic Logon (not recommended)' is set to 'Disabled',HKLM\SOFTWARE\Microsoft\Windows NT\CurrentVersion\Winlogon,AutoAdminLogon,,,0,Value Not found,Fail
1,REGISTRY_SETTING,18.5.2,"Ensure 'MSS: (DisableIPSourceRouting IPv6) IP source routing protection level (protects against packet spoofing)' is set to 'Enabled: Highest protection, source routing is completely disabled'",HKLM\System\CurrentControlSet\Services\Tcpip6\Parameters,DisableIPSourceRouting,,,2,Value Not found,Fail
1,REGISTRY_SETTING,18.5.3,"Ensure 'MSS: (DisableIPSourceRouting) IP source routing protection level (protects against packet spoofing)' is set to 'Enabled: Highest protection, source routing is completely disabled'",HKLM\System\CurrentControlSet\Services\Tcpip\Parameters,DisableIPSourceRouting,,,2,Value Not found,Fail
1,REGISTRY_SETTING,18.5.5,Ensure 'MSS: (EnableICMPRedirect) Allow ICMP redirects to override OSPF generated routes' is set to 'Disabled',HKLM\System\CurrentControlSet\Services\Tcpip\Parameters,EnableICMPRedirect,,,0,Value Not found,Fail
1,REGISTRY_SETTING,18.5.7,Ensure 'MSS: (NoNameReleaseOnDemand) Allow the computer to ignore NetBIOS name release requests except from WINS servers' is set to 'Enabled',HKLM\System\CurrentControlSet\Services\NetBT\Parameters,nonamereleaseondemand,,,1,Value Not found,Fail
1,REGISTRY_SETTING,18.5.9,Ensure 'MSS: (SafeDllSearchMode) Enable Safe DLL search mode (recommended)' is set to 'Enabled',HKLM\SYSTEM\CurrentControlSet\Control\Session Manager,SafeDllSearchMode,,,1,Value Not found,Fail
1,REGISTRY_SETTING,18.5.10,Ensure 'MSS: (ScreenSaverGracePeriod) The time in seconds before the screen saver grace period expires (0 recommended)' is set to 'Enabled: 5 or fewer seconds',HKLM\Software\Microsoft\Windows NT\CurrentVersion\Winlogon,ScreenSaverGracePeriod,,,[0..5],Value Not found,Fail
1,REGISTRY_SETTING,18.5.13,Ensure 'MSS: (WarningLevel) Percentage threshold for the security event log at which the system will generate a warning' is set to 'Enabled: 90% or less',HKLM\SYSTEM\CurrentControlSet\Services\Eventlog\Security,WarningLevel,,,[1..90],Value Not found,Fail
1,REGISTRY_SETTING,18.6.4.1,Ensure 'Configure NetBIOS settings' is set to 'Enabled: Disable NetBIOS name resolution on public networks',HKLM\Software\Policies\Microsoft\Windows NT\DNSClient,EnableNetbios,,,2,Value Not found,Fail
1,REGISTRY_SETTING,18.6.4.2,Ensure 'Turn off multicast name resolution' is set to 'Enabled',HKLM\SOFTWARE\Policies\Microsoft\Windows NT\DNSClient,EnableMulticast,,,0,Value Not found,Fail
1,REGISTRY_SETTING,18.6.8.1,Ensure 'Enable insecure guest logons' is set to 'Disabled',HKLM\SOFTWARE\Policies\Microsoft\Windows\LanmanWorkstation,AllowInsecureGuestAuth,,,0,Value Not found,Fail
1,REGISTRY_SETTING,18.6.11.2,Ensure 'Prohibit installation and configuration of Network Bridge on your DNS domain network' is set to 'Enabled',HKLM\SOFTWARE\Policies\Microsoft\Windows\Network Connections,NC_AllowNetBridge_NLA,,,0,Value Not found,Fail
1,REGISTRY_SETTING,18.6.11.3,Ensure 'Prohibit use of Internet Connection Sharing on your DNS domain network' is set to 'Enabled',HKLM\SOFTWARE\Policies\Microsoft\Windows\Network Connections,NC_ShowSharedAccessUI,,,0,Value Not found,Fail
1,REGISTRY_SETTING,18.6.11.4,Ensure 'Require domain users to elevate when setting a network's location' is set to 'Enabled',HKLM\Software\Policies\Microsoft\Windows\Network Connections,NC_StdDomainUserSetLocation,,,1,Value Not found,Fail
1,REGISTRY_SETTING,18.6.14.1,"Ensure 'Hardened UNC Paths' is set to 'Enabled, with 'Require Mutual Authentication' and 'Require Integrity' set for all NETLOGON and SYSVOL shares' - NETLOGON",HKLM\SOFTWARE\Policies\Microsoft\Windows\NetworkProvider\HardenedPaths,\\*\NETLOGON,,,[Rr]equire([Mm]utual[Aa]uthentication|[Ii]ntegrity)=1.*[Rr]equire([Mm]utual[Aa]uthentication|[Ii]ntegrity)=1,Value Not found,Fail
1,REGISTRY_SETTING,18.6.14.1,"Ensure 'Hardened UNC Paths' is set to 'Enabled, with 'Require Mutual Authentication' and 'Require Integrity' set for all NETLOGON and SYSVOL shares' - SYSVOL",HKLM\SOFTWARE\Policies\Microsoft\Windows\NetworkProvider\HardenedPaths,\\*\SYSVOL,,,[Rr]equire([Mm]utual[Aa]uthentication|[Ii]ntegrity)=1.*[Rr]equire([Mm]utual[Aa]uthentication|[Ii]ntegrity)=1,Value Not found,Fail
1,REGISTRY_SETTING,18.6.21.1,Ensure 'Minimize the number of simultaneous connections to the Internet or a Windows Domain' is set to 'Enabled: 3 = Prevent Wi-Fi when on Ethernet',HKLM\Software\Policies\Microsoft\Windows\WcmSvc\GroupPolicy,fMinimizeConnections,,,3,Value Not found,Fail
1,REGISTRY_SETTING,18.6.21.2,Ensure 'Prohibit connection to non-domain networks when connected to domain authenticated network' is set to 'Enabled',HKLM\Software\Policies\Microsoft\Windows\WcmSvc\GroupPolicy,fBlockNonDomain,,,1,Value Not found,Fail
1,REGISTRY_SETTING,18.6.23.2.1,"Ensure 'Allow Windows to automatically connect to suggested open hotspots, to networks shared by contacts, and to hotspots offering paid services' is set to 'Disabled'",HKLM\SOFTWARE\Microsoft\WcmSvc\wifinetworkmanager\config,AutoConnectAllowedOEM,,,0,Value Not found,Fail
1,REGISTRY_SETTING,18.7.1,Ensure 'Allow Print Spooler to accept client connections' is set to 'Disabled',HKLM\SOFTWARE\Policies\Microsoft\Windows NT\Printers,RegisterSpoolerRemoteRpcEndPoint,,,2,Value Not found,Fail
1,REGISTRY_SETTING,18.7.2,Ensure 'Configure Redirection Guard' is set to 'Enabled: Redirection Guard Enabled',HKLM\Software\Policies\Microsoft\Windows NT\Printers,RedirectionGuardPolicy,,,1,Value Not found,Fail
1,REGISTRY_SETTING,18.7.3,Ensure 'Configure RPC connection settings: Protocol to use for outgoing RPC connections' is set to 'Enabled: RPC over TCP',HKLM\Software\Policies\Microsoft\Windows NT\Printers\RPC,RpcUseNamedPipeProtocol,,,0,Value Not found,Fail
1,REGISTRY_SETTING,18.7.4,Ensure 'Configure RPC connection settings: Use authentication for outgoing RPC connections' is set to 'Enabled: Default',HKLM\Software\Policies\Microsoft\Windows NT\Printers\RPC,RpcAuthentication,,,0,Value Not found,Fail
1,REGISTRY_SETTING,18.7.5,Ensure 'Configure RPC listener settings: Protocols to allow for incoming RPC connections' is set to 'Enabled: RPC over TCP',HKLM\Software\Policies\Microsoft\Windows NT\Printers\RPC,RpcProtocols,,,5,Value Not found,Fail
1,REGISTRY_SETTING,18.7.6,Ensure 'Configure RPC listener settings: Authentication protocol to use for incoming RPC connections:' is set to 'Enabled: Negotiate' or higher,HKLM\Software\Policies\Microsoft\Windows NT\Printers\RPC,ForceKerberosForRpc,,,0,Value Not found,Fail
1,REGISTRY_SETTING,18.7.7,Ensure 'Configure RPC over TCP port' is set to 'Enabled: 0',HKLM\Software\Policies\Microsoft\Windows NT\Printers\RPC,RpcTcpPort,,,0,Value Not found,Fail
1,REGISTRY_SETTING,18.7.9,Ensure 'Manage processing of Queue-specific files' is set to 'Enabled: Limit Queue-specific files to Color profiles',HKLM\Software\Policies\Microsoft\Windows NT\Printers,CopyFilesPolicy,,,1,Value Not found,Fail
1,REGISTRY_SETTING,18.7.10,Ensure 'Point and Print Restrictions: When installing drivers for a new connection' is set to 'Enabled: Show warning and elevation prompt',HKLM\Software\Policies\Microsoft\Windows NT\Printers\PointAndPrint,NoWarningNoElevationOnInstall,,,0,Value Not found,Fail
1,REGISTRY_SETTING,18.7.11,Ensure 'Point and Print Restrictions: When updating drivers for an existing connection' is set to 'Enabled: Show warning and elevation prompt',HKLM\Software\Policies\Microsoft\Windows NT\Printers\PointAndPrint,UpdatePromptSettings,,,0,Value Not found,Fail
1,REGISTRY_SETTING,18.9.3.1,Ensure 'Include command line in process creation events' is set to 'Enabled',HKLM\SOFTWARE\Microsoft\Windows\CurrentVersion\Policies\System\Audit,ProcessCreationIncludeCmdLine_Enabled,,,1,Value Not found,Fail
1,REGISTRY_SETTING,18.9.4.1,Ensure 'Encryption Oracle Remediation' is set to 'Enabled: Force Updated Clients',HKLM\SOFTWARE\Microsoft\Windows\CurrentVersion\Policies\System\CredSSP\Parameters,AllowEncryptionOracle,,,0,Value Not found,Fail
1,REGISTRY_SETTING,18.9.4.2,Ensure 'Remote host allows delegation of non-exportable credentials' is set to 'Enabled',HKLM\SOFTWARE\Policies\Microsoft\Windows\CredentialsDelegation,AllowProtectedCreds,,,1,Value Not found,Fail
1,REGISTRY_SETTING,18.9.7.2,Ensure 'Prevent device metadata retrieval from the Internet' is set to 'Enabled',HKLM\Software\Policies\Microsoft\Windows\Device Metadata,PreventDeviceMetadataFromNetwork,,,1,Value Not found,Fail
1,REGISTRY_SETTING,18.9.13.1,"Ensure 'Boot-Start Driver Initialization Policy' is set to 'Enabled: Good, unknown and bad but critical'",HKLM\System\CurrentControlSet\Policies\EarlyLaunch,DriverLoadPolicy,,,3,Value Not found,Fail
1,REGISTRY_SETTING,18.9.19.2,Ensure 'Configure registry policy processing: Do not apply during periodic background processing' is set to 'Enabled: FALSE',HKLM\Software\Policies\Microsoft\Windows\Group Policy\{35378EAC-683F-11D2-A89A-00C04FBBCFA2},NoBackgroundPolicy,,,0,Value Not found,Fail
1,REGISTRY_SETTING,18.9.19.3,Ensure 'Configure registry policy processing: Process even if the Group Policy objects have not changed' is set to 'Enabled: TRUE',HKLM\Software\Policies\Microsoft\Windows\Group Policy\{35378EAC-683F-11D2-A89A-00C04FBBCFA2},NoGPOListChanges,,,0,Value Not found,Fail
1,REGISTRY_SETTING,18.9.19.4,Ensure 'Continue experiences on this device' is set to 'Disabled',HKLM\SOFTWARE\Policies\Microsoft\Windows\System,EnableCdp,,,0,Value Not found,Fail
1,REGISTRY_SETTING,18.9.20.1.2,Ensure 'Turn off downloading of print drivers over HTTP' is set to 'Enabled',HKLM\Software\Policies\Microsoft\Windows NT\Printers,DisableWebPnPDownload,,,1,Value Not found,Fail
1,REGISTRY_SETTING,18.9.20.1.6,Ensure 'Turn off Internet download for Web publishing and online ordering wizards' is set to 'Enabled',HKLM\Software\Microsoft\Windows\CurrentVersion\Policies\Explorer,NoWebServices,,,1,Value Not found,Fail
1,REGISTRY_SETTING,18.9.25.1,Ensure 'Allow Custom SSPs and APs to be loaded into LSASS' is set to 'Disabled',HKLM\Software\Policies\Microsoft\Windows\System,AllowCustomSSPsAPs,,,0,Value Not found,Fail
1,REGISTRY_SETTING,18.9.27.1,Ensure 'Block user from showing account details on sign-in' is set to 'Enabled',HKLM\SOFTWARE\Policies\Microsoft\Windows\System,BlockUserFromShowingAccountDetailsOnSignin,,,1,Value Not found,Fail
1,REGISTRY_SETTING,18.9.27.2,Ensure 'Do not display network selection UI' is set to 'Enabled',HKLM\Software\Policies\Microsoft\Windows\System,DontDisplayNetworkSelectionUI,,,1,Value Not found,Fail
1,REGISTRY_SETTING,18.9.27.3,Ensure 'Do not enumerate connected users on domain-joined computers' is set to 'Enabled',HKLM\Software\Policies\Microsoft\Windows\System,DontEnumerateConnectedUsers,,,1,Value Not found,Fail
1,REGISTRY_SETTING,18.9.27.4,Ensure 'Enumerate local users on domain-joined computers' is set to 'Disabled',HKLM\Software\Policies\Microsoft\Windows\System,EnumerateLocalUsers,,,0,Value Not found,Fail
1,REGISTRY_SETTING,18.9.27.5,Ensure 'Turn off app notifications on the lock screen' is set to 'Enabled',HKLM\Software\Policies\Microsoft\Windows\System,DisableLockScreenAppNotifications,,,1,Value Not found,Fail
1,REGISTRY_SETTING,18.9.27.6,Ensure 'Turn off picture password sign-in' is set to 'Enabled',HKLM\Software\Policies\Microsoft\Windows\System,BlockDomainPicturePassword,,,1,Value Not found,Fail
1,REGISTRY_SETTING,18.9.27.7,Ensure 'Turn on convenience PIN sign-in' is set to 'Disabled',HKLM\Software\Policies\Microsoft\Windows\System,AllowDomainPINLogon,,,0,Value Not found,Fail
1,REGISTRY_SETTING,18.9.32.6.1,Ensure 'Allow network connectivity during connected-standby (on battery)' is set to 'Disabled',HKLM\SOFTWARE\Policies\Microsoft\Power\PowerSettings\f15576e8-98b7-4186-b944-eafa664402d9,DCSettingIndex,,,0,Value Not found,Fail
1,REGISTRY_SETTING,18.9.32.6.2,Ensure 'Allow network connectivity during connected-standby (plugged in)' is set to 'Disabled',HKLM\SOFTWARE\Policies\Microsoft\Power\PowerSettings\f15576e8-98b7-4186-b944-eafa664402d9,ACSettingIndex,,,0,Value Not found,Fail
1,REGISTRY_SETTING,18.9.32.6.5,Ensure 'Require a password when a computer wakes (on battery)' is set to 'Enabled',HKLM\Software\Policies\Microsoft\Power\PowerSettings\0e796bdb-100d-47d6-a2d5-f7d2daa51f51,DCSettingIndex,,,1,Value Not found,Fail
1,REGISTRY_SETTING,18.9.32.6.6,Ensure 'Require a password when a computer wakes (plugged in)' is set to 'Enabled',HKLM\Software\Policies\Microsoft\Power\PowerSettings\0e796bdb-100d-47d6-a2d5-f7d2daa51f51,ACSettingIndex,,,1,Value Not found,Fail
1,REGISTRY_SETTING,18.9.34.1,Ensure 'Configure Offer Remote Assistance' is set to 'Disabled',HKLM\Software\policies\Microsoft\Windows NT\Terminal Services,fAllowUnsolicited,,,0,Value Not found,Fail
1,REGISTRY_SETTING,18.9.34.2,Ensure 'Configure Solicited Remote Assistance' is set to 'Disabled',HKLM\Software\policies\Microsoft\Windows NT\Terminal Services,fAllowToGetHelp,,,0,Value Not found,Fail
1,REGISTRY_SETTING,18.9.35.1,Ensure 'Enable RPC Endpoint Mapper Client Authentication' is set to 'Enabled',HKLM\Software\Policies\Microsoft\Windows NT\Rpc,EnableAuthEpResolution,,,1,Value Not found,Fail
1,REGISTRY_SETTING,18.9.35.2,Ensure 'Restrict Unauthenticated RPC clients' is set to 'Enabled: Authenticated',HKLM\Software\Policies\Microsoft\Windows NT\Rpc,RestrictRemoteClients,,,1,Value Not found,Fail
1,REGISTRY_SETTING,18.10.3.2,Ensure 'Prevent non-admin users from installing packaged Windows apps' is set to 'Enabled',HKLM\SOFTWARE\Policies\Microsoft\Windows\Appx,BlockNonAdminUserInstall,,,1,Value Not found,Fail
1,REGISTRY_SETTING,18.10.4.1,Ensure 'Let Windows apps activate with voice while the system is locked' is set to 'Enabled: Force Deny',HKLM\Software\Policies\Microsoft\Windows\AppPrivacy,LetAppsActivateWithVoiceAboveLock,,,2,Value Not found,Fail
1,REGISTRY_SETTING,18.10.5.1,Ensure 'Allow Microsoft accounts to be optional' is set to 'Enabled',HKLM\Software\Microsoft\Windows\CurrentVersion\Policies\System,MSAOptional,,,1,Value Not found,Fail
1,REGISTRY_SETTING,18.10.7.1,Ensure 'Disallow Autoplay for non-volume devices' is set to 'Enabled',HKLM\Software\Policies\Microsoft\Windows\Explorer,NoAutoplayfornonVolume,,,1,Value Not found,Fail
1,REGISTRY_SETTING,18.10.7.2,Ensure 'Set the default behavior for AutoRun' is set to 'Enabled: Do not execute any autorun commands',HKLM\SOFTWARE\Microsoft\Windows\CurrentVersion\Policies\Explorer,NoAutorun,,,1,Value Not found,Fail
1,REGISTRY_SETTING,18.10.7.3,Ensure 'Turn off Autoplay' is set to 'Enabled: All drives',HKLM\Software\Microsoft\Windows\CurrentVersion\Policies\Explorer,NoDriveTypeAutoRun,,,255,Value Not found,Fail
1,REGISTRY_SETTING,18.10.8.1.1,Ensure 'Configure enhanced anti-spoofing' is set to 'Enabled',HKLM\SOFTWARE\Policies\Microsoft\Biometrics\FacialFeatures,EnhancedAntiSpoofing,,,1,Value Not found,Fail
1,REGISTRY_SETTING,18.10.12.1,Ensure 'Turn off cloud consumer account state content' is set to 'Enabled',HKLM\SOFTWARE\Policies\Microsoft\Windows\CloudContent,DisableConsumerAccountStateContent,,,1,Value Not found,Fail
1,REGISTRY_SETTING,18.10.12.3,Ensure 'Turn off Microsoft consumer experiences' is set to 'Enabled',HKLM\SOFTWARE\Policies\Microsoft\Windows\CloudContent,DisableWindowsConsumerFeatures,,,1,Value Not found,Fail
1,REGISTRY_SETTING,18.10.13.1,Ensure 'Require pin for pairing' is set to 'Enabled: First Time' OR 'Enabled: Always',HKLM\SOFTWARE\Policies\Microsoft\Windows\Connect,RequirePinForPairing,,,1 || 2,Value Not found,Fail
1,REGISTRY_SETTING,18.10.14.1,Ensure 'Do not display the password reveal button' is set to 'Enabled',HKLM\Software\Policies\Microsoft\Windows\CredUI,DisablePasswordReveal,,,1,Value Not found,Fail
1,REGISTRY_SETTING,18.10.14.2,Ensure 'Enumerate administrator accounts on elevation' is set to 'Disabled',HKLM\Software\Microsoft\Windows\CurrentVersion\Policies\CredUI,EnumerateAdministrators,,,0,Value Not found,Fail
1,REGISTRY_SETTING,18.10.14.3,Ensure 'Prevent the use of security questions for local accounts' is set to 'Enabled',HKLM\Software\Policies\Microsoft\Windows\System,NoLocalPasswordResetQuestions,,,1,Value Not found,Fail
1,REGISTRY_SETTING,18.10.15.1,Ensure 'Allow Diagnostic Data' is set to 'Enabled: Diagnostic data off (not recommended)' or 'Enabled: Send required diagnostic data',HKLM\Software\Policies\Microsoft\Windows\DataCollection,AllowTelemetry,,,0 || 1,0,Pass
1,REGISTRY_SETTING,18.10.15.3,Ensure 'Disable OneSettings Downloads' is set to 'Enabled',HKLM\Software\Policies\Microsoft\Windows\DataCollection,DisableOneSettingsDownloads,,,1,Value Not found,Fail
1,REGISTRY_SETTING,18.10.15.4,Ensure 'Do not show feedback notifications' is set to 'Enabled',HKLM\SOFTWARE\Policies\Microsoft\Windows\DataCollection,DoNotShowFeedbackNotifications,,,1,Value Not found,Fail
1,REGISTRY_SETTING,18.10.15.5,Ensure 'Enable OneSettings Auditing' is set to 'Enabled',HKLM\Software\Policies\Microsoft\Windows\Datacollection,EnableOneSettingsAuditing,,,1,Value Not found,Fail
1,REGISTRY_SETTING,18.10.15.6,Ensure 'Limit Diagnostic Log Collection' is set to 'Enabled',HKLM\Software\Policies\Microsoft\Windows\Datacollection,LimitDiagnosticLogCollection,,,1,Value Not found,Fail
1,REGISTRY_SETTING,18.10.15.7,Ensure 'Limit Dump Collection' is set to 'Enabled',HKLM\Software\Policies\Microsoft\Windows\Datacollection,LimitDumpCollection,,,1,Value Not found,Fail
1,REGISTRY_SETTING,18.10.15.8,Ensure 'Toggle user control over Insider builds' is set to 'Disabled',HKLM\SOFTWARE\Policies\Microsoft\Windows\PreviewBuilds,AllowBuildPreview,,,0,Value Not found,Fail
1,REGISTRY_SETTING,18.10.16.1,Ensure 'Download Mode' is NOT set to 'Enabled: Internet',HKLM\Software\Policies\Microsoft\Windows\DeliveryOptimization,DODownloadMode,,,0 || 1 || 2 || 99 || 100,Value Not found,Fail
1,REGISTRY_SETTING,18.10.17.1,Ensure 'Enable App Installer' is set to 'Disabled',HKLM\Software\Policies\Microsoft\Windows\AppInstaller,EnableAppInstaller,,,0,Value Not found,Fail
1,REGISTRY_SETTING,18.10.17.2,Ensure 'Enable App Installer Experimental Features' is set to 'Disabled',HKLM\Software\Policies\Microsoft\Windows\AppInstaller,EnableExperimentalFeatures,,,0,Value Not found,Fail
1,REGISTRY_SETTING,18.10.17.3,Ensure 'Enable App Installer Hash Override' is set to 'Disabled',HKLM\Software\Policies\Microsoft\Windows\AppInstaller,EnableHashOverride,,,0,Value Not found,Fail
1,REGISTRY_SETTING,18.10.17.4,Ensure 'Enable App Installer ms-appinstaller protocol' is set to 'Disabled',HKLM\Software\Policies\Microsoft\Windows\AppInstaller,EnableMSAppInstallerProtocol,,,0,Value Not found,Fail
1,REGISTRY_SETTING,18.10.26.1.1,Ensure 'Application: Control Event Log behavior when the log file reaches its maximum size' is set to 'Disabled',HKLM\Software\Policies\Microsoft\Windows\EventLog\Application,Retention,,,0,Value Not found,Fail
1,REGISTRY_SETTING,18.10.26.1.2,"Ensure 'Application: Specify the maximum log file size (KB)' is set to 'Enabled: 32,768 or greater'",HKLM\Software\Policies\Microsoft\Windows\EventLog\Application,MaxSize,,,[32768..MAX],Value Not found,Fail
1,REGISTRY_SETTING,18.10.26.2.1,Ensure 'Security: Control Event Log behavior when the log file reaches its maximum size' is set to 'Disabled',HKLM\Software\Policies\Microsoft\Windows\EventLog\Security,Retention,,,0,Value Not found,Fail
1,REGISTRY_SETTING,18.10.26.2.2,"Ensure 'Security: Specify the maximum log file size (KB)' is set to 'Enabled: 196,608 or greater'",HKLM\Software\Policies\Microsoft\Windows\EventLog\Security,MaxSize,,,[196608..MAX],Value Not found,Fail
1,REGISTRY_SETTING,18.10.26.3.1,Ensure 'Setup: Control Event Log behavior when the log file reaches its maximum size' is set to 'Disabled',HKLM\Software\Policies\Microsoft\Windows\EventLog\Setup,Retention,,,0,Value Not found,Fail
1,REGISTRY_SETTING,18.10.26.3.2,"Ensure 'Setup: Specify the maximum log file size (KB)' is set to 'Enabled: 32,768 or greater'",HKLM\Software\Policies\Microsoft\Windows\EventLog\Setup,MaxSize,,,[32768..MAX],Value Not found,Fail
1,REGISTRY_SETTING,18.10.26.4.1,Ensure 'System: Control Event Log behavior when the log file reaches its maximum size' is set to 'Disabled',HKLM\Software\Policies\Microsoft\Windows\EventLog\System,Retention,,,0,Value Not found,Fail
1,REGISTRY_SETTING,18.10.26.4.2,"Ensure 'System: Specify the maximum log file size (KB)' is set to 'Enabled: 32,768 or greater'",HKLM\Software\Policies\Microsoft\Windows\EventLog\System,MaxSize,,,[32768..MAX],Value Not found,Fail
1,REGISTRY_SETTING,18.10.29.2,Ensure 'Turn off Data Execution Prevention for Explorer' is set to 'Disabled',HKLM\Software\Policies\Microsoft\Windows\Explorer,NoDataExecutionPrevention,,,0,Value Not found,Fail
1,REGISTRY_SETTING,18.10.29.3,Ensure 'Turn off heap termination on corruption' is set to 'Disabled',HKLM\Software\Policies\Microsoft\Windows\Explorer,NoHeapTerminationOnCorruption,,,0,Value Not found,Fail
1,REGISTRY_SETTING,18.10.29.4,Ensure 'Turn off shell protocol protected mode' is set to 'Disabled',HKLM\Software\Microsoft\Windows\CurrentVersion\Policies\Explorer,PreXPSP2ShellProtocolBehavior,,,0,Value Not found,Fail
1,REGISTRY_SETTING,18.10.33.1,Ensure 'Prevent the computer from joining a homegroup' is set to 'Enabled',HKLM\Software\Policies\Microsoft\Windows\HomeGroup,DisableHomeGroup,,,1,Value Not found,Fail
1,REGISTRY_SETTING,18.10.35.1,'Disable Internet Explorer 11 as a standalone browser' is set to 'Enabled: Always',HKLM\Software\Policies\Microsoft\Internet Explorer\Main,NotifyDisableIEOptions,,,1,Value Not found,Fail
1,REGISTRY_SETTING,18.10.42.1,Ensure 'Block all consumer Microsoft account user authentication' is set to 'Enabled',HKLM\SOFTWARE\Policies\Microsoft\MicrosoftAccount,DisableUserAuth,,,1,Value Not found,Fail
1,REGISTRY_SETTING,18.10.43.5.1,Ensure 'Configure local setting override for reporting to Microsoft MAPS' is set to 'Disabled',HKLM\SOFTWARE\Policies\Microsoft\Windows Defender\Spynet,LocalSettingOverrideSpynetReporting,,,0,Value Not found,Fail
1,REGISTRY_SETTING,18.10.43.6.1.1,Ensure 'Configure Attack Surface Reduction rules' is set to 'Enabled',HKLM\SOFTWARE\Policies\Microsoft\Windows Defender\Windows Defender Exploit Guard\ASR,ExploitGuard_ASR_Rules,,,1,Value Not found,Fail
1,REGISTRY_SETTING,18.10.43.6.1.2,Ensure 'Configure Attack Surface Reduction rules: Set the state for each ASR rule' is configured - 26190899-1602-49e8-8b27-eb1d0a1ce869,HKLM\SOFTWARE\Policies\Microsoft\Windows Defender\Windows Defender Exploit Guard\ASR\Rules,26190899-1602-49e8-8b27-eb1d0a1ce869,,,1,Value Not found,Fail
1,REGISTRY_SETTING,18.10.43.6.1.2,Ensure 'Configure Attack Surface Reduction rules: Set the state for each ASR rule' is configured - 3b576869-a4ec-4529-8536-b80a7769e899,HKLM\SOFTWARE\Policies\Microsoft\Windows Defender\Windows Defender Exploit Guard\ASR\Rules,3b576869-a4ec-4529-8536-b80a7769e899,,,1,Value Not found,Fail
1,REGISTRY_SETTING,18.10.43.6.1.2,Ensure 'Configure Attack Surface Reduction rules: Set the state for each ASR rule' is configured - 56a863a9-875e-4185-98a7-b882c64b5ce5,HKLM\SOFTWARE\Policies\Microsoft\Windows Defender\Windows Defender Exploit Guard\ASR\Rules,56a863a9-875e-4185-98a7-b882c64b5ce5,,,1,Value Not found,Fail
1,REGISTRY_SETTING,18.10.43.6.1.2,Ensure 'Configure Attack Surface Reduction rules: Set the state for each ASR rule' is configured - 5beb7efe-fd9a-4556-801d-275e5ffc04cc,HKLM\SOFTWARE\Policies\Microsoft\Windows Defender\Windows Defender Exploit Guard\ASR\Rules,5beb7efe-fd9a-4556-801d-275e5ffc04cc,,,1,Value Not found,Fail
1,REGISTRY_SETTING,18.10.43.6.1.2,Ensure 'Configure Attack Surface Reduction rules: Set the state for each ASR rule' is configured - 75668c1f-73b5-4cf0-bb93-3ecf5cb7cc84,HKLM\SOFTWARE\Policies\Microsoft\Windows Defender\Windows Defender Exploit Guard\ASR\Rules,75668c1f-73b5-4cf0-bb93-3ecf5cb7cc84,,,1,Value Not found,Fail
1,REGISTRY_SETTING,18.10.43.6.1.2,Ensure 'Configure Attack Surface Reduction rules: Set the state for each ASR rule' is configured - 7674ba52-37eb-4a4f-a9a1-f0f9a1619a2c,HKLM\SOFTWARE\Policies\Microsoft\Windows Defender\Windows Defender Exploit Guard\ASR\Rules,7674ba52-37eb-4a4f-a9a1-f0f9a1619a2c,,,1,Value Not found,Fail
1,REGISTRY_SETTING,18.10.43.6.1.2,Ensure 'Configure Attack Surface Reduction rules: Set the state for each ASR rule' is configured - 92e97fa1-2edf-4476-bdd6-9dd0b4dddc7b,HKLM\SOFTWARE\Policies\Microsoft\Windows Defender\Windows Defender Exploit Guard\ASR\Rules,92e97fa1-2edf-4476-bdd6-9dd0b4dddc7b,,,1,Value Not found,Fail
1,REGISTRY_SETTING,18.10.43.6.1.2,Ensure 'Configure Attack Surface Reduction rules: Set the state for each ASR rule' is configured - 9e6c4e1f-7d60-472f-ba1a-a39ef669e4b2,HKLM\SOFTWARE\Policies\Microsoft\Windows Defender\Windows Defender Exploit Guard\ASR\Rules,9e6c4e1f-7d60-472f-ba1a-a39ef669e4b2,,,1,Value Not found,Fail
1,REGISTRY_SETTING,18.10.43.6.1.2,Ensure 'Configure Attack Surface Reduction rules: Set the state for each ASR rule' is configured - b2b3f03d-6a65-4f7b-a9c7-1c7ef74a9ba4,HKLM\SOFTWARE\Policies\Microsoft\Windows Defender\Windows Defender Exploit Guard\ASR\Rules,b2b3f03d-6a65-4f7b-a9c7-1c7ef74a9ba4,,,1,Value Not found,Fail
1,REGISTRY_SETTING,18.10.43.6.1.2,Ensure 'Configure Attack Surface Reduction rules: Set the state for each ASR rule' is configured - be9ba2d9-53ea-4cdc-84e5-9b1eeee46550,HKLM\SOFTWARE\Policies\Microsoft\Windows Defender\Windows Defender Exploit Guard\ASR\Rules,be9ba2d9-53ea-4cdc-84e5-9b1eeee46550,,,1,Value Not found,Fail
1,REGISTRY_SETTING,18.10.43.6.1.2,Ensure 'Configure Attack Surface Reduction rules: Set the state for each ASR rule' is configured - d3e037e1-3eb8-44c8-a917-57927947596d,HKLM\SOFTWARE\Policies\Microsoft\Windows Defender\Windows Defender Exploit Guard\ASR\Rules,d3e037e1-3eb8-44c8-a917-57927947596d,,,1,Value Not found,Fail
1,REGISTRY_SETTING,18.10.43.6.1.2,Ensure 'Configure Attack Surface Reduction rules: Set the state for each ASR rule' is configured - d4f940ab-401b-4efc-aadc-ad5f3c50688a,HKLM\SOFTWARE\Policies\Microsoft\Windows Defender\Windows Defender Exploit Guard\ASR\Rules,d4f940ab-401b-4efc-aadc-ad5f3c50688a,,,1,Value Not found,Fail
1,REGISTRY_SETTING,18.10.43.6.3.1,Ensure 'Prevent users and apps from accessing dangerous websites' is set to 'Enabled: Block',HKLM\SOFTWARE\Policies\Microsoft\Windows Defender\Windows Defender Exploit Guard\Network Protection,EnableNetworkProtection,,,1,Value Not found,Fail
1,REGISTRY_SETTING,18.10.43.10.1,Ensure 'Scan all downloaded files and attachments' is set to 'Enabled',HKLM\Software\Policies\Microsoft\Windows Defender\Real-Time Protection,DisableIOAVProtection,,,0,Value Not found,Fail
1,REGISTRY_SETTING,18.10.43.10.2,Ensure 'Turn off real-time protection' is set to 'Disabled',HKLM\Software\Policies\Microsoft\Windows Defender\Real-Time Protection,DisableRealtimeMonitoring,,,0,Value Not found,Fail
1,REGISTRY_SETTING,18.10.43.10.3,Ensure 'Turn on behavior monitoring' is set to 'Enabled',HKLM\SOFTWARE\Policies\Microsoft\Windows Defender\Real-Time Protection,DisableBehaviorMonitoring,,,0,Value Not found,Fail
1,REGISTRY_SETTING,18.10.43.10.4,Ensure 'Turn on script scanning' is set to 'Enabled',HKLM\SOFTWARE\Policies\Microsoft\Windows Defender\Real-Time Protection,DisableScriptScanning,,,0,Value Not found,Fail
1,REGISTRY_SETTING,18.10.43.13.1,Ensure 'Scan removable drives' is set to 'Enabled',HKLM\SOFTWARE\Policies\Microsoft\Windows Defender\Scan,DisableRemovableDriveScanning,,,0,Value Not found,Fail
1,REGISTRY_SETTING,18.10.43.13.2,Ensure 'Turn on e-mail scanning' is set to 'Enabled',HKLM\SOFTWARE\Policies\Microsoft\Windows Defender\Scan,DisableEmailScanning,,,0,Value Not found,Fail
1,REGISTRY_SETTING,18.10.43.16,Ensure 'Configure detection for potentially unwanted applications' is set to 'Enabled: Block',HKLM\SOFTWARE\Policies\Microsoft\Windows Defender,PUAProtection,,,1,Value Not found,Fail
1,REGISTRY_SETTING,18.10.43.17,Ensure 'Turn off Microsoft Defender AntiVirus' is set to 'Disabled',HKLM\SOFTWARE\Policies\Microsoft\Windows Defender,DisableAntiSpyware,,,0,Value Not found,Fail
1,REGISTRY_SETTING,18.10.51.1,Ensure 'Prevent the usage of OneDrive for file storage' is set to 'Enabled',HKLM\Software\Policies\Microsoft\Windows\OneDrive,DisableFileSyncNGSC,,,1,Value Not found,Fail
1,REGISTRY_SETTING,18.10.57.2.2,Ensure 'Do not allow passwords to be saved' is set to 'Enabled',HKLM\SOFTWARE\Policies\Microsoft\Windows NT\Terminal Services,DisablePasswordSaving,,,1,Value Not found,Fail
1,REGISTRY_SETTING,18.10.57.3.3.3,Ensure 'Do not allow drive redirection' is set to 'Enabled',HKLM\SOFTWARE\Policies\Microsoft\Windows NT\Terminal Services,fDisableCdm,,,1,Value Not found,Fail
1,REGISTRY_SETTING,18.10.57.3.9.1,Ensure 'Always prompt for password upon connection' is set to 'Enabled',HKLM\SOFTWARE\Policies\Microsoft\Windows NT\Terminal Services,fPromptForPassword,,,1,Value Not found,Fail
1,REGISTRY_SETTING,18.10.57.3.9.2,Ensure 'Require secure RPC communication' is set to 'Enabled',HKLM\Software\Policies\Microsoft\Windows NT\Terminal Services,fEncryptRPCTraffic,,,1,Value Not found,Fail
1,REGISTRY_SETTING,18.10.57.3.9.3,Ensure 'Require use of specific security layer for remote (RDP) connections' is set to 'Enabled: SSL',HKLM\SOFTWARE\Policies\Microsoft\Windows NT\Terminal Services,SecurityLayer,,,2,Value Not found,Fail
1,REGISTRY_SETTING,18.10.57.3.9.4,Ensure 'Require user authentication for remote connections by using Network Level Authentication' is set to 'Enabled',HKLM\SOFTWARE\Policies\Microsoft\Windows NT\Terminal Services,UserAuthentication,,,1,Value Not found,Fail
1,REGISTRY_SETTING,18.10.57.3.9.5,Ensure 'Set client connection encryption level' is set to 'Enabled: High Level',HKLM\SOFTWARE\Policies\Microsoft\Windows NT\Terminal Services,MinEncryptionLevel,,,3,Value Not found,Fail
1,REGISTRY_SETTING,18.10.57.3.11.1,Ensure 'Do not delete temp folders upon exit' is set to 'Disabled',HKLM\SOFTWARE\Policies\Microsoft\Windows NT\Terminal Services,DeleteTempDirsOnExit,,,1,Value Not found,Fail
1,REGISTRY_SETTING,18.10.58.1,Ensure 'Prevent downloading of enclosures' is set to 'Enabled',HKLM\SOFTWARE\Policies\Microsoft\Internet Explorer\Feeds,DisableEnclosureDownload,,,1,Value Not found,Fail
1,REGISTRY_SETTING,18.10.59.3,Ensure 'Allow Cortana' is set to 'Disabled',HKLM\SOFTWARE\Policies\Microsoft\Windows\Windows Search,AllowCortana,,,0,Value Not found,Fail
1,REGISTRY_SETTING,18.10.59.4,Ensure 'Allow Cortana above lock screen' is set to 'Disabled',HKLM\SOFTWARE\Policies\Microsoft\Windows\Windows Search,AllowCortanaAboveLock,,,0,Value Not found,Fail
1,REGISTRY_SETTING,18.10.59.5,Ensure 'Allow indexing of encrypted files' is set to 'Disabled',HKLM\SOFTWARE\Policies\Microsoft\Windows\Windows Search,AllowIndexingEncryptedStoresOrItems,,,0,Value Not found,Fail
1,REGISTRY_SETTING,18.10.59.6,Ensure 'Allow search and Cortana to use location' is set to 'Disabled',HKLM\SOFTWARE\Policies\Microsoft\Windows\Windows Search,AllowSearchToUseLocation,,,0,Value Not found,Fail
1,REGISTRY_SETTING,18.10.66.2,Ensure 'Only display the private store within the Microsoft Store' is set to 'Enabled',HKLM\SOFTWARE\Policies\Microsoft\WindowsStore,RequirePrivateStoreOnly,,,1,Value Not found,Fail
1,REGISTRY_SETTING,18.10.66.3,Ensure 'Turn off Automatic Download and Install of updates' is set to 'Disabled',HKLM\SOFTWARE\Policies\Microsoft\WindowsStore,AutoDownload,,,4,Value Not found,Fail
1,REGISTRY_SETTING,18.10.66.4,Ensure 'Turn off the offer to update to the latest version of Windows' is set to 'Enabled',HKLM\SOFTWARE\Policies\Microsoft\WindowsStore,DisableOSUpgrade,,,1,Value Not found,Fail
1,REGISTRY_SETTING,18.10.72.1,Ensure 'Allow widgets' is set to 'Disabled',HKLM\Software\Policies\Microsoft\Dsh,AllowNewsAndInterests,,,0,Value Not found,Fail
1,REGISTRY_SETTING,18.10.76.2.1,Ensure 'Configure Windows Defender SmartScreen' is set to 'Enabled: Warn and prevent bypass' - EnableSmartScreen,HKLM\Software\Policies\Microsoft\Windows\System,EnableSmartScreen,,,1,Value Not found,Fail
1,REGISTRY_SETTING,18.10.76.2.1,Ensure 'Configure Windows Defender SmartScreen' is set to 'Enabled: Warn and prevent bypass' - ShellSmartScreenLevel,HKLM\SOFTWARE\Policies\Microsoft\Windows\System,ShellSmartScreenLevel,,,Block,Value Not found,Fail
1,REGISTRY_SETTING,18.10.76.3.1,Ensure 'Configure Windows Defender SmartScreen' is set to 'Enabled',HKLM\SOFTWARE\Policies\Microsoft\MicrosoftEdge\PhishingFilter,EnabledV9,,,1,Value Not found,Fail
1,REGISTRY_SETTING,18.10.76.3.2,Ensure 'Prevent bypassing Windows Defender SmartScreen prompts for sites' is set to 'Enabled',HKLM\SOFTWARE\Policies\Microsoft\MicrosoftEdge\PhishingFilter,PreventOverride,,,1,Value Not found,Fail
1,REGISTRY_SETTING,18.10.78.1,Ensure 'Enables or disables Windows Game Recording and Broadcasting' is set to 'Disabled',HKLM\SOFTWARE\Policies\Microsoft\Windows\GameDVR,AllowGameDVR,,,0,Value Not found,Fail
1,REGISTRY_SETTING,18.10.80.2,"Ensure 'Allow Windows Ink Workspace' is set to 'Enabled: On, but disallow access above lock' OR 'Enabled: Disabled'",HKLM\SOFTWARE\Policies\Microsoft\WindowsInkWorkspace,AllowWindowsInkWorkspace,,,0 || 1,Value Not found,Fail
1,REGISTRY_SETTING,18.10.81.1,Ensure 'Allow user control over installs' is set to 'Disabled',HKLM\Software\Policies\Microsoft\Windows\Installer,EnableUserControl,,,0,Value Not found,Fail
1,REGISTRY_SETTING,18.10.81.2,Ensure 'Always install with elevated privileges' is set to 'Disabled',HKLM\Software\Policies\Microsoft\Windows\Installer,AlwaysInstallElevated,,,0,Value Not found,Fail
1,REGISTRY_SETTING,18.10.82.1,Ensure 'Enable MPR notifications for the system' is set to 'Disabled',HKLM\Software\Microsoft\Windows\CurrentVersion\Policies\System,EnableMPR,,,0,Value Not found,Fail
1,REGISTRY_SETTING,18.10.82.2,Ensure 'Sign-in and lock last interactive user automatically after a restart' is set to 'Disabled',HKLM\Software\Microsoft\Windows\CurrentVersion\Policies\System,DisableAutomaticRestartSignOn,,,1,1,Pass
1,REGISTRY_SETTING,18.10.87.1,Ensure 'Turn on PowerShell Script Block Logging' is set to 'Enabled',HKLM\Software\Policies\Microsoft\Windows\Powershell\Scriptblocklogging,EnableScriptBlockLogging,,,1,Value Not found,Fail
1,REGISTRY_SETTING,18.10.87.2,Ensure 'Turn on PowerShell Transcription' is set to 'Enabled',HKLM\SOFTWARE\Policies\Microsoft\Windows\PowerShell\Transcription,EnableTranscripting,,,1,Value Not found,Fail
1,REGISTRY_SETTING,18.10.89.1.1,Ensure 'Allow Basic authentication' is set to 'Disabled',HKLM\Software\Policies\Microsoft\Windows\WinRM\Client,AllowBasic,,,0,Value Not found,Fail
1,REGISTRY_SETTING,18.10.89.1.2,Ensure 'Allow unencrypted traffic' is set to 'Disabled',HKLM\Software\Policies\Microsoft\Windows\WinRM\Client,AllowUnencryptedTraffic,,,0,Value Not found,Fail
1,REGISTRY_SETTING,18.10.89.1.3,Ensure 'Disallow Digest authentication' is set to 'Enabled',HKLM\Software\Policies\Microsoft\Windows\WinRM\Client,AllowDigest,,,0,Value Not found,Fail
1,REGISTRY_SETTING,18.10.89.2.1,Ensure 'Allow Basic authentication' is set to 'Disabled',HKLM\Software\Policies\Microsoft\Windows\WinRM\Service,AllowBasic,,,0,Value Not found,Fail
1,REGISTRY_SETTING,18.10.89.2.3,Ensure 'Allow unencrypted traffic' is set to 'Disabled',HKLM\SOFTWARE\Policies\Microsoft\Windows\WinRM\Service,AllowUnencryptedTraffic,,,0,Value Not found,Fail
1,REGISTRY_SETTING,18.10.89.2.4,Ensure 'Disallow WinRM from storing RunAs credentials' is set to 'Enabled',HKLM\Software\Policies\Microsoft\Windows\WinRM\Service,DisableRunAs,,,1,Value Not found,Fail
1,REGISTRY_SETTING,18.10.91.1,Ensure 'Allow clipboard sharing with Windows Sandbox' is set to 'Disabled',HKLM\Software\Policies\Microsoft\Windows\Sandbox,AllowClipboardRedirection,,,0,Value Not found,Fail
1,REGISTRY_SETTING,18.10.91.2,Ensure 'Allow networking in Windows Sandbox' is set to 'Disabled',HKLM\Software\Policies\Microsoft\Windows\Sandbox,AllowNetworking,,,0,Value Not found,Fail
1,REGISTRY_SETTING,18.10.92.2.1,Ensure 'Prevent users from modifying settings' is set to 'Enabled',HKLM\SOFTWARE\Policies\Microsoft\Windows Defender Security Center\App and Browser protection,DisallowExploitProtectionOverride,,,1,Value Not found,Fail
1,REGISTRY_SETTING,18.10.93.1.1,Ensure 'No auto-restart with logged on users for scheduled automatic updates installations' is set to 'Disabled',HKLM\Software\Policies\Microsoft\Windows\WindowsUpdate\AU,NoAutoRebootWithLoggedOnUsers,,,0,Value Not found,Fail
1,REGISTRY_SETTING,18.10.93.2.1,Ensure 'Configure Automatic Updates' is set to 'Enabled',HKLM\Software\Policies\Microsoft\Windows\WindowsUpdate\AU,NoAutoUpdate,,,0,1,Fail
1,REGISTRY_SETTING,18.10.93.2.2,Ensure 'Configure Automatic Updates: Scheduled install day' is set to '0 - Every day',HKLM\Software\Policies\Microsoft\Windows\WindowsUpdate\AU,ScheduledInstallDay,,,0,Value Not found,Fail
1,REGISTRY_SETTING,18.10.93.2.3,Ensure 'Remove access to 'Pause updates' feature' is set to 'Enabled',HKLM\SOFTWARE\Policies\Microsoft\Windows\WindowsUpdate,SetDisablePauseUXAccess,,,1,Value Not found,Fail
1,REGISTRY_SETTING,18.10.93.4.1,Ensure 'Manage preview builds' is set to 'Disabled',HKLM\SOFTWARE\Policies\Microsoft\Windows\WindowsUpdate,ManagePreviewBuildsPolicyValue,,,1,Value Not found,Fail
1,REGISTRY_SETTING,18.10.93.4.2,Ensure 'Select when Preview Builds and Feature Updates are received' is set to 'Enabled: 180 or more days' - DeferFeatureUpdates,HKLM\SOFTWARE\Policies\Microsoft\Windows\WindowsUpdate,DeferFeatureUpdates,,,1,Value Not found,Fail
1,REGISTRY_SETTING,18.10.93.4.2,Ensure 'Select when Preview Builds and Feature Updates are received' is set to 'Enabled: 180 or more days' - DeferFeatureUpdatesPeriodInDays,HKLM\SOFTWARE\Policies\Microsoft\Windows\WindowsUpdate,DeferFeatureUpdatesPeriodInDays,,,[180..MAX],Value Not found,Fail
1,REGISTRY_SETTING,18.10.93.4.3,Ensure 'Select when Quality Updates are received' is set to 'Enabled: 0 days' - DeferQualityUpdates,HKLM\SOFTWARE\Policies\Microsoft\Windows\WindowsUpdate,DeferQualityUpdates,,,1,Value Not found,Fail
1,REGISTRY_SETTING,18.10.93.4.3,Ensure 'Select when Quality Updates are received' is set to 'Enabled: 0 days' - DeferQualityUpdatesPeriodInDays,HKLM\SOFTWARE\Policies\Microsoft\Windows\WindowsUpdate,DeferQualityUpdatesPeriodInDays,,,0,Value Not found,Fail
1,REGISTRY_SETTING,19.1.3.1,Ensure 'Enable screen saver' is set to 'Enabled',HKU\Software\Policies\Microsoft\Windows\Control Panel\Desktop,ScreenSaveActive,,,1,Value Not found,Fail
1,REGISTRY_SETTING,19.1.3.2,Ensure 'Password protect the screen saver' is set to 'Enabled',HKU\Software\Policies\Microsoft\Windows\Control Panel\Desktop,ScreenSaverIsSecure,,,1,Value Not found,Fail
1,REGISTRY_SETTING,19.1.3.3,"Ensure 'Screen saver timeout' is set to 'Enabled: 900 seconds or fewer, but not 0'",HKU\Software\Policies\Microsoft\Windows\Control Panel\Desktop,ScreenSaveTimeOut,,,[0..900],Value Not found,Fail
1,REGISTRY_SETTING,19.5.1.1,Ensure 'Turn off toast notifications on the lock screen' is set to 'Enabled',HKU\Software\Policies\Microsoft\Windows\CurrentVersion\PushNotifications,NoToastApplicationNotificationOnLockScreen,,,1,Value Not found,Fail
1,REGISTRY_SETTING,19.7.4.1,Ensure 'Do not preserve zone information in file attachments' is set to 'Disabled',HKU\Software\Microsoft\Windows\CurrentVersion\Policies\Attachments,SaveZoneInformation,,,2,Value Not found,Fail
1,REGISTRY_SETTING,19.7.4.2,Ensure 'Notify antivirus programs when opening attachments' is set to 'Enabled',HKU\Software\Microsoft\Windows\CurrentVersion\Policies\Attachments,ScanWithAntiVirus,,,3,Value Not found,Fail
1,REGISTRY_SETTING,19.7.7.1,Ensure 'Configure Windows spotlight on lock screen' is set to Disabled',HKU\Software\Policies\Microsoft\Windows\CloudContent,ConfigureWindowsSpotlight,,,2,Value Not found,Fail
1,REGISTRY_SETTING,19.7.7.2,Ensure 'Do not suggest third-party content in Windows spotlight' is set to 'Enabled',HKU\Software\Policies\Microsoft\Windows\CloudContent,DisableThirdPartySuggestions,,,1,Value Not found,Fail
1,REGISTRY_SETTING,19.7.7.5,Ensure 'Turn off Spotlight collection on Desktop' is set to 'Enabled',HKU\Software\Policies\Microsoft\Windows\CloudContent,DisableSpotlightCollectionOnDesktop,,,1,Value Not found,Fail
1,REGISTRY_SETTING,19.7.25.1,Ensure 'Prevent users from sharing files within their profile.' is set to 'Enabled',HKU\Software\Microsoft\Windows\CurrentVersion\Policies\Explorer,NoInplaceSharing,,,1,Value Not found,Fail
1,REGISTRY_SETTING,19.7.40.1,Ensure 'Always install with elevated privileges' is set to 'Disabled',HKU\Software\Policies\Microsoft\Windows\Installer,AlwaysInstallElevated,,,0,Value Not found,Fail
